Supplier_ID,Name,Contact_Info,Product_Range,Performance_Metrics
SUP01,Electronix Inc,contact@electronixinc.com,Electronics; Computers; Gadgets,Excellent
SUP02,Global Textiles,info@globaltextiles.com,Clothing; Fabrics; Accessories,Very Good
SUP03,Home Essentials,sales@homeessentials.com,Furniture; Decor; Kitchenware,Good
SUP04,FoodPro Suppliers,orders@foodprosuppliers.com,Frozen Foods; Snacks; Beverages,Average
SUP05,Gadget World,support@gadgetworld.com,Smartphones; Tablets; Accessories,Excellent
SUP06,Outdoor Equipments,outdoor@outdoorequip.com,Camping Gear; Sporting Goods,Good
SUP07,Beauty and Care,beauty@beautycare.com,Cosmetics; Skincare Products,Very Good
SUP08,Farm Fresh Produce,fresh@farmfreshproduce.com,Fruits; Vegetables; Organic Products,Excellent
SUP09,Auto Parts Central,auto@autopartscentral.com,Car Accessories; Engine Parts,Good
SUP10,PharmaSource,pharma@pharmasource.com,Pharmaceuticals; Health Supplies,Average
SUP11,QuickTech Supplies,quicktech@quicktechsupplies.com,Computer Hardware; Peripherals,Very Good
SUP12,Office Essentials,office@officeessentials.com,Office Supplies; Stationery,Good
SUP13,Power Tools Inc,tools@powertoolsinc.com,Hand Tools; Power Tools,Good
SUP14,KitchenPro,kitchen@kitchenpro.com,Kitchen Appliances; Cookware,Average
SUP15,Global Footwear,footwear@globalfootwear.com,Shoes; Boots; Sandals,Very Good
SUP16,Building Materials,building@buildingmaterials.com,Construction Materials; Fixtures,Good
SUP17,Children's Toys,toys@childrenstoys.com,Toys; Games; Educational,Excellent
SUP18,Green Grocers,green@greengrocers.com,Organic Produce; Dairy,Very Good
SUP19,Sports Mania,sports@sportsmania.com,Sportswear; Fitness Equipment,Good
SUP20,Art Supplies,art@artsupplies.com,Art Materials; Craft Supplies,Average
SUP21,Lighting Solutions,lighting@lightingsolutions.com,Light Fixtures; Bulbs; Decorative,Good
SUP22,Clean & Care,clean@cleanandcare.com,Cleaning Supplies; Sanitizers,Excellent
SUP23,Pet World,pet@petworld.com,Pet Food; Accessories,Very Good
SUP24,Luxe Furnishings,luxe@luxefurnishings.com,High-End Furniture; Decor,Good
SUP25,Global Books,books@globalbooks.com,Books; Magazines; Journals,Excellent
SUP26,Audio Systems,audio@audiosystems.com,Speakers; Headphones; Sound Systems,Very Good
SUP27,Health Essentials,health@healthessentials.com,Wellness Products; Supplements,Good
SUP28,Computer Solutions,comp@computersolutions.com,Laptops; Desktops; Software,Excellent
SUP29,Garden Goods,garden@gardengoods.com,Gardening Tools; Plants; Supplies,Very Good
SUP30,Seafood Express,seafood@seafoodexpress.com,Fresh Seafood; Frozen Fish,Excellent
SUP31,Modern Apparel,modernapparel@modern.com,Clothing; Fashion Accessories,Very Good
SUP32,Tech Innovations,innovate@techinnovations.com,Consumer Electronics; Tech Gadgets,Excellent
SUP33,Organic Harvest,harvest@organicharvest.com,Organic Foods; Natural Products,Good
SUP34,Sporting Life,sporting@sportinglife.com,Sporting Goods; Athletic Equipment,Very Good
SUP35,Toy Universe,toys@toyuniverse.com,Children's Toys; Games,Good
SUP36,Gourmet Foods,gourmet@gourmetfoods.com,Specialty Foods; Gourmet Items,Excellent
SUP37,Health & Wellness,wellness@healthwellness.com,Health Products; Nutritional Supplements,Good
SUP38,Build & Construct,build@buildconstruct.com,Building Materials; Construction Tools,Very Good
SUP39,Electronic Goods,electronics@electronicgoods.com,Home Electronics; Appliances,Good
SUP40,Furniture Works,furniture@furnitureworks.com,Home Furniture; Office Furnishings,Excellent
SUP41,Green Energy,greenenergy@green.com,Sustainable Energy Products; Solar Panels,Very Good
SUP42,Auto World,auto@autoworld.com,Automotive Parts; Car Accessories,Good
SUP43,Pet Care Supplies,petcare@petcaresupplies.com,Pet Food; Pet Care Products,Excellent
SUP44,Fashion House,fashion@fashionhouse.com,Designer Clothing; Fashion Accessories,Very Good
SUP45,Outdoor Adventures,outdoor@outdooradventures.com,Outdoor Gear; Camping Equipment,Good
SUP46,Kitchen Experts,kitchen@kitchenexperts.com,Kitchen Appliances; Cookware,Good
SUP47,Beauty Boutique,beauty@beautyboutique.com,Cosmetics; Skincare Products,Excellent
SUP48,Book World,books@bookworld.com,Books; Educational Materials,Good
SUP49,Home Decor,decor@homedecor.com,Interior Decor; Furniture,Very Good
SUP50,Lifestyle Products,lifestyle@lifestyleproducts.com,Home Goods; Lifestyle Accessories,Good
SUP51,Music Mart,music@musicmart.com,Musical Instruments; Audio Equipment,Very Good
SUP52,Fitness Gear,fitness@fitnessgear.com,Fitness Equipment; Health Products,Excellent
SUP53,Office Tech,officetech@officetech.com,Office Electronics; Supplies,Good
SUP54,Global Grocers,grocers@globalgrocers.com,Grocery Products; Food Items,Very Good
SUP55,Tool Time,toolt@tooltime.com,Hardware; Power Tools,Good
SUP56,Apparel & More,apparel@apparelandmore.com,Clothing; Accessories,Very Good
SUP57,Computer Central,central@computercentral.com,Computers; Networking Devices,Excellent
SUP58,Arts & Crafts,arts@artsandcrafts.com,Art Supplies; Craft Materials,Good
SUP59,Home Solutions,homesolutions@homesolutions.com,Home Improvement; DIY Tools,Very Good
SUP60,Garden and Beyond,garden@gardenandbeyond.com,Gardening Supplies; Outdoor Decor,Excellent
SUP61,Active Gear,activegear@active.com,Sports Apparel; Fitness Gear,Good
SUP62,Culinary Concepts,culinary@concepts.com,Gourmet Kitchenware; Cooking Tools,Very Good
SUP63,Fab Fabrics,fabrics@fabfab.com,Textiles; Fabrics; Sewing Supplies,Excellent
SUP64,Green Thumb,greenthumb@garden.com,Gardening Supplies; Plants,Good
SUP65,Household Helpers,helpers@household.com,Cleaning Products; Household Tools,Very Good
SUP66,Innovate Tech,innovate@tech.com,New Tech Gadgets; Innovative Products,Excellent
SUP67,Joyful Toys,toys@joyful.com,Toys; Children's Games,Good
SUP68,Leisure Time,leisure@time.com,Leisure Products; Hobby Items,Good
SUP69,Mighty Tools,mightytools@tools.com,Power Tools; Workshop Equipment,Very Good
SUP70,Natural Foods,natural@foods.com,Organic Foods; Health Products,Excellent
SUP71,Office Solutions,office@officesolutions.com,Office Supplies; Technology,Good
SUP72,Pet Paradise,pet@paradise.com,Pet Supplies; Pet Toys,Very Good
SUP73,Quiet Home Electronics,quiet@home.com,Home Electronics; Sound Systems,Good
SUP74,Running Gear,running@gear.com,Running Shoes; Athletic Wear,Excellent
SUP75,Snack Heaven,snack@heaven.com,Snacks; Confectionery,Good
SUP76,Tea and Coffee Lovers,teaandcoffee@lovers.com,Teas; Coffees; Brewing Equipment,Very Good
SUP77,Urban Wear,urbanwear@urban.com,Streetwear; Urban Fashion,Excellent
SUP78,Vista Outdoor,vista@outdoor.com,Outdoor Equipment; Hiking Gear,Very Good
SUP79,Wellness Wonders,wellness@wonders.com,Wellness Products; Spa Supplies,Good
SUP80,Xtreme Sports,xtreme@sports.com,Extreme Sports Equipment; Safety Gear,Excellent
SUP81,Yoga Essentials,yoga@essentials.com,Yoga Mats; Fitness Clothing,Good
SUP82,Zest Foods,zest@foods.com,Spices; Sauces; Culinary Ingredients,Very Good
SUP83,Aero Dynamics,aero@dymanics.com,Aerospace Components; Drone Technology,Good
SUP84,Bright Lights,bright@lights.com,Lighting Fixtures; Bulbs; LEDs,Very Good
SUP85,Craft Corner,craft@corner.com,Craft Supplies; Art Materials,Excellent
SUP86,Dynamic Print,dynamic@print.com,Printing Services; Paper Products,Good
SUP87,Eco-Friendly Goods,eco@goods.com,Eco-Friendly Products; Recycled Items,Very Good
SUP88,FunTime Games,funtime@games.com,Board Games; Puzzles,Good
SUP89,Glam Cosmetics,glam@cosmetics.com,Makeup; Beauty Products,Excellent
SUP90,Handy Housewares,handy@housewares.com,Housewares; Kitchen Gadgets,Good
SUP91,Infinite Ideas,infinite@ideas.com,Innovative Gadgets; Unique Gifts,Very Good
SUP92,JumpStart Tech,jumpstart@tech.com,Startup Tech; Innovative Solutions,Excellent
SUP93,Kids World,kidsworld@kids.com,Children's Clothing; Educational Toys,Good
SUP94,Luxe Jewelry,luxe@jewelry.com,Fine Jewelry; Watches,Very Good
SUP95,Master Mechanics,mechanics@master.com,Automotive Tools; Garage Equipment,Good
SUP96,Nature's Best,nature@best.com,Natural Foods; Herbal Products,Excellent
SUP97,Outdoor Living,outdoor@living.com,Outdoor Furniture; Garden Decor,Good
SUP98,Pro Sports Gear,prosports@gear.com,Professional Sports Equipment; Team Gear,Very Good
SUP99,Quality Electronics,quality@electronics.com,High-End Electronics; Audio-Visual,Good
SUP100,Relax Home,relax@home.com,Home Spa Products; Relaxation Tools,Very Good
SUP101,Bright Innovations,bright@innovations.com,Smart Lighting Solutions; LED Tech,Excellent
SUP102,Creative Arts,arts@creativearts.com,Art Supplies; Craft Kits,Good
SUP103,Health Nut,health@healthnut.com,Health Snacks; Nutritional Bars,Very Good
SUP104,Adventure Sports,adventure@sports.com,Adventure Gear; Travel Equipment,Good
SUP105,Global Stationery,stationery@globalstationery.com,Office Supplies; Writing Instruments,Excellent
SUP106,Toy Box Central,toys@toyboxcentral.com,Kids' Toys; Board Games,Good
SUP107,Artisan Foods,artisan@foods.com,Gourmet Foods; Artisanal Products,Very Good
SUP108,Green Tech Innovations,greentech@innovations.com,Eco-Friendly Tech; Sustainable Gadgets,Excellent
SUP109,Herbal Essence,herbal@essence.com,Herbal Teas; Natural Supplements,Good
SUP110,Modern Electronics,modern@electronics.com,Consumer Electronics; Mobile Accessories,Very Good
SUP111,Outdoor World,outdoor@world.com,Camping Gear; Outdoor Apparel,Good
SUP112,Vintage Books,books@vintage.com,Rare Books; Collectibles,Excellent
SUP113,Marine Life Supplies,marine@life.com,Aquarium Supplies; Marine Equipment,Very Good
SUP114,Auto Pro,auto@pro.com,Car Maintenance Tools; Automotive Supplies,Good
SUP115,Green Home Solutions,greenhome@home.com,Eco-Friendly Home Products; Cleaning Supplies,Excellent
SUP116,Spice World,spice@world.com,Exotic Spices; Seasoning Blends,Very Good
SUP117,Workshop Essentials,workshop@essentials.com,Woodworking Tools; Workshop Equipment,Good
SUP118,Fashion Forward,fashion@forward.com,Trendy Clothing; Fashion Accessories,Very Good
SUP119,Pet Paradise Plus,petplus@paradise.com,Pet Food; Pet Health Products,Good
SUP120,Home Gourmet,gourmet@home.com,Kitchen Gadgets; Cooking Appliances,Very Good
